time_ms,vm_mV
0.000,-89.04647
1.000,-89.04647
2.000,-89.04647
3.000,-89.04647
4.000,-89.04647
5.000,-89.04647
6.000,-89.04647
7.000,-89.04647
8.000,-89.04647
9.000,31.58116
10.000,51.58116
11.000,51.58116
12.000,51.58116
13.000,51.58116
14.000,51.58116
15.000,51.58116
16.000,51.58116
17.000,51.58116
18.000,51.58116
19.000,51.58116
20.000,51.58116
21.000,51.58116
22.000,51.58116
23.000,51.58116
24.000,51.58116
25.000,51.58116
26.000,51.58116
27.000,51.58116
28.000,51.58116
29.000,51.58116
30.000,51.58116
31.000,51.58116
32.000,51.58116
33.000,51.58116
34.000,51.58116
35.000,51.58116
36.000,51.58116
37.000,51.58116
38.000,51.58116
39.000,51.58116
40.000,51.58116
41.000,51.58116
42.000,51.58116
43.000,51.58116
44.000,51.58116
45.000,51.58116
46.000,51.58116
47.000,51.58116
48.000,51.58116
49.000,51.58116
50.000,51.58116
51.000,51.58116
52.000,51.58116
53.000,51.58116
54.000,51.58116
55.000,51.58116
56.000,51.58116
57.000,51.58116
58.000,51.58116
59.000,51.58116
60.000,51.58116
61.000,51.58116
62.000,51.58116
63.000,51.58116
64.000,51.58116
65.000,51.58116
66.000,51.58116
67.000,51.58116
68.000,51.58116
69.000,51.58116
70.000,51.58116
71.000,51.58116
72.000,51.58116
73.000,51.58116
74.000,51.58116
75.000,51.58116
76.000,51.58116
77.000,51.58116
78.000,51.58116
79.000,51.58116
80.000,51.58116
81.000,51.58116
82.000,51.58116
83.000,51.58116
84.000,51.58116
85.000,51.58116
86.000,51.58116
87.000,51.58116
88.000,51.58116
89.000,51.58116
90.000,51.58116
91.000,51.58116
92.000,51.58116
93.000,51.58116
94.000,51.58116
95.000,51.58116
96.000,51.58116
97.000,51.58116
98.000,51.58116
99.000,51.58116
100.000,51.58116
101.000,51.58116
102.000,51.58116
103.000,51.58116
104.000,51.58116
105.000,51.58116
106.000,51.58116
107.000,51.58116
108.000,51.58116
109.000,51.58116
110.000,51.58116
111.000,51.58116
112.000,51.58116
113.000,51.58116
114.000,51.58116
115.000,51.58116
116.000,51.58116
117.000,51.58116
118.000,51.58116
119.000,51.58116
120.000,51.58116
121.000,51.58116
122.000,51.58116
123.000,51.58116
124.000,51.58116
125.000,51.58116
126.000,51.58116
127.000,51.58116
128.000,51.58116
129.000,51.58116
130.000,51.58116
131.000,51.58116
132.000,51.58116
133.000,51.58116
134.000,51.58116
135.000,51.58116
136.000,51.58116
137.000,51.58116
138.000,51.58116
139.000,51.58116
140.000,51.58116
141.000,51.58116
142.000,51.58116
143.000,51.58116
144.000,51.58116
145.000,51.58116
146.000,51.58116
147.000,51.58116
148.000,51.58116
149.000,51.58116
150.000,51.58116
151.000,51.58116
152.000,51.58116
153.000,51.58116
154.000,51.58116
155.000,51.58116
156.000,51.58116
157.000,51.58116
158.000,51.58116
159.000,51.58116
160.000,51.58116
161.000,50.54843
162.000,49.42040
163.000,48.30147
164.000,47.19159
165.000,46.09068
166.000,44.99866
167.000,43.91546
168.000,42.84103
169.000,41.77527
170.000,40.71812
171.000,39.66952
172.000,38.62939
173.000,37.59767
174.000,36.57428
175.000,35.55916
176.000,34.55225
177.000,33.55347
178.000,32.56276
179.000,31.58006
180.000,30.60530
181.000,29.63842
182.000,28.67935
183.000,27.72803
184.000,26.78440
185.000,25.84839
186.000,24.91995
187.000,23.99901
188.000,23.08551
189.000,22.17939
190.000,21.28060
191.000,20.38906
192.000,19.50474
193.000,18.62756
194.000,17.75746
195.000,16.89440
196.000,16.03831
197.000,15.18914
198.000,14.34683
199.000,13.51133
200.000,12.68258
201.000,11.86053
202.000,11.04512
203.000,10.23630
204.000,9.43401
205.000,8.63821
206.000,7.84884
207.000,7.06585
208.000,6.28918
209.000,5.51879
210.000,4.75463
211.000,3.99664
212.000,3.24478
213.000,2.49899
214.000,1.75923
215.000,1.02545
216.000,0.29759
217.000,-0.42438
218.000,-1.14052
219.000,-1.85087
220.000,-2.55548
221.000,-3.25440
222.000,-3.94767
223.000,-4.63533
224.000,-5.31744
225.000,-5.99404
226.000,-6.66517
227.000,-7.33088
228.000,-7.99121
229.000,-8.64620
230.000,-9.29590
231.000,-9.94035
232.000,-10.57959
233.000,-11.21366
234.000,-11.84262
235.000,-12.46649
236.000,-13.08531
237.000,-13.69914
238.000,-14.30801
239.000,-14.91196
240.000,-15.51102
241.000,-16.10525
242.000,-16.69467
243.000,-17.27933
244.000,-17.85927
245.000,-18.43452
246.000,-19.00512
247.000,-19.57111
248.000,-20.13253
249.000,-20.68941
250.000,-21.24179
251.000,-21.78971
252.000,-22.33320
253.000,-22.87229
254.000,-23.40703
255.000,-23.93745
256.000,-24.46359
257.000,-24.98547
258.000,-25.50313
259.000,51.58116
260.000,51.58116
261.000,51.58116
262.000,51.58116
263.000,51.58116
264.000,51.58116
265.000,51.58116
266.000,51.58116
267.000,51.58116
268.000,51.58116
269.000,51.58116
270.000,51.58116
271.000,51.58116
272.000,51.58116
273.000,51.58116
274.000,51.58116
275.000,51.58116
276.000,51.58116
277.000,51.58116
278.000,51.58116
279.000,51.58116
280.000,51.58116
281.000,51.58116
282.000,51.58116
283.000,51.58116
284.000,51.58116
285.000,51.58116
286.000,51.58116
287.000,51.58116
288.000,51.58116
289.000,51.58116
290.000,51.58116
291.000,51.58116
292.000,51.58116
293.000,51.58116
294.000,51.58116
295.000,51.58116
296.000,51.58116
297.000,51.58116
298.000,51.58116
299.000,51.58116
300.000,51.58116
301.000,51.58116
302.000,51.58116
303.000,51.58116
304.000,51.58116
305.000,51.58116
306.000,51.58116
307.000,51.58116
308.000,51.58116
309.000,51.58116
310.000,51.58116
311.000,51.58116
312.000,51.58116
313.000,51.58116
314.000,51.58116
315.000,51.58116
316.000,51.58116
317.000,51.58116
318.000,51.58116
319.000,51.58116
320.000,51.58116
321.000,51.58116
322.000,51.58116
323.000,51.58116
324.000,51.58116
325.000,51.58116
326.000,51.58116
327.000,51.58116
328.000,51.58116
329.000,51.58116
330.000,51.58116
331.000,51.58116
332.000,51.58116
333.000,51.58116
334.000,51.58116
335.000,51.58116
336.000,51.58116
337.000,51.58116
338.000,51.58116
339.000,51.58116
340.000,51.58116
341.000,51.58116
342.000,51.58116
343.000,51.58116
344.000,51.58116
345.000,51.58116
346.000,51.58116
347.000,51.58116
348.000,51.58116
349.000,51.58116
350.000,51.58116
351.000,51.58116
352.000,51.58116
353.000,51.58116
354.000,51.58116
355.000,51.58116
356.000,51.58116
357.000,51.58116
358.000,51.58116
359.000,51.58116
360.000,51.58116
361.000,51.58116
362.000,51.58116
363.000,51.58116
364.000,51.58116
365.000,51.58116
366.000,51.58116
367.000,51.58116
368.000,51.58116
369.000,51.58116
370.000,51.58116
371.000,51.58116
372.000,51.58116
373.000,51.58116
374.000,51.58116
375.000,51.58116
376.000,51.58116
377.000,51.58116
378.000,51.58116
379.000,51.58116
380.000,51.58116
381.000,51.58116
382.000,51.58116
383.000,51.58116
384.000,51.58116
385.000,51.58116
386.000,51.58116
387.000,51.58116
388.000,51.58116
389.000,51.58116
390.000,51.58116
391.000,51.58116
392.000,51.58116
393.000,51.58116
394.000,51.58116
395.000,51.58116
396.000,51.58116
397.000,51.58116
398.000,51.58116
399.000,51.58116
400.000,51.58116
401.000,51.58116
402.000,51.58116
403.000,51.58116
404.000,51.58116
405.000,51.58116
406.000,51.58116
407.000,51.58116
408.000,51.58116
409.000,51.58116
410.000,51.58116
411.000,51.58116
412.000,51.58116
413.000,51.58116
414.000,51.58116
415.000,51.58116
416.000,51.58116
417.000,51.58116
418.000,51.58116
419.000,51.58116
420.000,51.58116
421.000,51.58116
422.000,51.58116
423.000,51.58116
424.000,51.58116
425.000,51.58116
426.000,50.54542
427.000,49.41740
428.000,48.29850
429.000,47.18864
430.000,46.08775
431.000,44.99576
432.000,43.91259
433.000,42.83817
434.000,41.77244
435.000,40.71532
436.000,39.66674
437.000,38.62663
438.000,37.59493
439.000,36.57156
440.000,35.55647
441.000,34.54958
442.000,33.55082
443.000,32.56014
444.000,31.57746
445.000,30.60272
446.000,29.63585
447.000,28.67681
448.000,27.72551
449.000,26.78189
450.000,25.84591
451.000,24.91748
452.000,23.99656
453.000,23.08308
454.000,22.17699
455.000,21.27821
456.000,20.38670
457.000,19.50239
458.000,18.62523
459.000,17.75515
460.000,16.89211
461.000,16.03604
462.000,15.18689
463.000,14.34460
464.000,13.50912
465.000,12.68038
466.000,11.85835
467.000,11.04296
468.000,10.23415
469.000,9.43189
470.000,8.63610
471.000,7.84675
472.000,7.06377
473.000,6.28712
474.000,5.51675
475.000,4.75260
476.000,3.99463
477.000,3.24278
478.000,2.49701
479.000,1.75727
480.000,1.02350
481.000,0.29566
482.000,-0.42630
483.000,-1.14242
484.000,-1.85275
485.000,-2.55735
486.000,-3.25625
487.000,-3.94951
488.000,-4.63716
489.000,-5.31925
490.000,-5.99584
491.000,-6.66695
492.000,-7.33265
493.000,-7.99296
494.000,-8.64794
495.000,-9.29762
496.000,-9.94206
497.000,-10.58129
498.000,-11.21535
499.000,-11.84429
500.000,-12.46814
501.000,-13.08696
502.000,-13.70077
503.000,-14.30962
504.000,-14.91356
505.000,-15.51261
506.000,-16.10683
507.000,-16.69624
508.000,-17.28089
509.000,51.58116
510.000,51.58116
511.000,51.58116
512.000,51.58116
513.000,51.58116
514.000,51.58116
515.000,51.58116
516.000,51.58116
517.000,51.58116
518.000,51.58116
519.000,51.58116
520.000,51.58116
521.000,51.58116
522.000,51.58116
523.000,51.58116
524.000,51.58116
525.000,51.58116
526.000,51.58116
527.000,51.58116
528.000,51.58116
529.000,51.58116
530.000,51.58116
531.000,51.58116
532.000,51.58116
533.000,51.58116
534.000,51.58116
535.000,51.58116
536.000,51.58116
537.000,51.58116
538.000,51.58116
539.000,51.58116
540.000,51.58116
541.000,51.58116
542.000,51.58116
543.000,51.58116
544.000,51.58116
545.000,51.58116
546.000,51.58116
547.000,51.58116
548.000,51.58116
549.000,51.58116
550.000,51.58116
551.000,51.58116
552.000,51.58116
553.000,51.58116
554.000,51.58116
555.000,51.58116
556.000,51.58116
557.000,51.58116
558.000,51.58116
559.000,51.58116
560.000,51.58116
561.000,51.58116
562.000,51.58116
563.000,51.58116
564.000,51.58116
565.000,51.58116
566.000,51.58116
567.000,51.58116
568.000,51.58116
569.000,51.58116
570.000,51.58116
571.000,51.58116
572.000,51.58116
573.000,51.58116
574.000,51.58116
575.000,51.58116
576.000,51.58116
577.000,51.58116
578.000,51.58116
579.000,51.58116
580.000,51.58116
581.000,51.58116
582.000,51.58116
583.000,51.58116
584.000,51.58116
585.000,51.58116
586.000,51.58116
587.000,51.58116
588.000,51.58116
589.000,51.58116
590.000,51.58116
591.000,51.58116
592.000,51.58116
593.000,51.58116
594.000,51.58116
595.000,51.58116
596.000,51.58116
597.000,51.58116
598.000,51.58116
599.000,51.58116
600.000,51.58116
601.000,51.58116
602.000,51.58116
603.000,51.58116
604.000,51.58116
605.000,51.58116
606.000,51.58116
607.000,51.58116
608.000,51.58116
609.000,51.58116
610.000,51.58116
611.000,51.58116
612.000,51.58116
613.000,51.58116
614.000,51.58116
615.000,51.58116
616.000,51.58116
617.000,51.58116
618.000,51.58116
619.000,51.58116
620.000,51.58116
621.000,51.58116
622.000,51.58116
623.000,51.58116
624.000,51.58116
625.000,51.58116
626.000,51.58116
627.000,51.58116
628.000,51.58116
629.000,51.58116
630.000,51.58116
631.000,51.58116
632.000,51.58116
633.000,51.58116
634.000,51.58116
635.000,51.58116
636.000,51.58116
637.000,51.58116
638.000,51.58116
639.000,51.58116
640.000,51.58116
641.000,51.58116
642.000,51.58116
643.000,51.58116
644.000,51.58116
645.000,51.58116
646.000,51.58116
647.000,51.58116
648.000,51.58116
649.000,51.58116
650.000,51.58116
651.000,51.58116
652.000,51.58116
653.000,51.58116
654.000,51.58116
655.000,51.58116
656.000,51.58116
657.000,51.58116
658.000,51.58116
659.000,51.58116
660.000,51.58116
661.000,51.58116
662.000,51.58116
663.000,51.58116
664.000,51.58116
665.000,51.58116
666.000,51.58116
667.000,51.58116
668.000,51.58116
669.000,51.58116
670.000,51.58116
671.000,51.58116
672.000,51.58116
673.000,51.58116
674.000,51.58116
675.000,51.58116
676.000,51.58116
677.000,51.49343
678.000,50.35775
679.000,49.23125
680.000,48.11386
681.000,47.00549
682.000,45.90608
683.000,44.81555
684.000,43.73384
685.000,42.66087
686.000,41.59657
687.000,40.54087
688.000,39.49369
689.000,38.45499
690.000,37.42467
691.000,36.40268
692.000,35.38895
693.000,34.38341
694.000,33.38600
695.000,32.39665
696.000,31.41529
697.000,30.44186
698.000,29.47630
699.000,28.51854
700.000,27.56852
701.000,26.62617
702.000,25.69145
703.000,24.76427
704.000,23.84459
705.000,22.93234
706.000,22.02746
707.000,21.12989
708.000,20.23958
709.000,19.35646
710.000,18.48047
711.000,17.61157
712.000,16.74969
713.000,15.89477
714.000,15.04676
715.000,14.20560
716.000,13.37124
717.000,12.54362
718.000,11.72269
719.000,10.90840
720.000,10.10068
721.000,9.29949
722.000,8.50478
723.000,7.71648
724.000,6.93456
725.000,6.15896
726.000,5.38962
727.000,4.62650
728.000,3.86955
729.000,3.11871
730.000,2.37394
731.000,1.63519
732.000,0.90241
733.000,0.17555
734.000,-0.54544
735.000,-1.26060
736.000,-1.96998
737.000,-2.67363
738.000,-3.37159
739.000,-4.06391
740.000,-4.75064
741.000,-5.43182
742.000,-6.10749
743.000,-6.77770
744.000,-7.44250
745.000,-8.10193
746.000,-8.75603
747.000,-9.40484
748.000,-10.04841
749.000,-10.68677
750.000,-11.31998
751.000,-11.94808
752.000,-12.57109
753.000,-13.18908
754.000,-13.80207
755.000,-14.41010
756.000,-15.01322
757.000,-15.61147
758.000,-16.20489
759.000,51.58116
760.000,51.58116
761.000,51.58116
762.000,51.58116
763.000,51.58116
764.000,51.58116
765.000,51.58116
766.000,51.58116
767.000,51.58116
768.000,51.58116
769.000,51.58116
770.000,51.58116
771.000,51.58116
772.000,51.58116
773.000,51.58116
774.000,51.58116
775.000,51.58116
776.000,51.58116
777.000,51.58116
778.000,51.58116
779.000,51.58116
780.000,51.58116
781.000,51.58116
782.000,51.58116
783.000,51.58116
784.000,51.58116
785.000,51.58116
786.000,51.58116
787.000,51.58116
788.000,51.58116
789.000,51.58116
790.000,51.58116
791.000,51.58116
792.000,51.58116
793.000,51.58116
794.000,51.58116
795.000,51.58116
796.000,51.58116
797.000,51.58116
798.000,51.58116
799.000,51.58116
800.000,51.58116
801.000,51.58116
802.000,51.58116
803.000,51.58116
804.000,51.58116
805.000,51.58116
806.000,51.58116
807.000,51.58116
808.000,51.58116
809.000,51.58116
810.000,51.58116
811.000,51.58116
812.000,51.58116
813.000,51.58116
814.000,51.58116
815.000,51.58116
816.000,51.58116
817.000,51.58116
818.000,51.58116
819.000,51.58116
820.000,51.58116
821.000,51.58116
822.000,51.58116
823.000,51.58116
824.000,51.58116
825.000,51.58116
826.000,51.58116
827.000,51.58116
828.000,51.58116
829.000,51.58116
830.000,51.58116
831.000,51.58116
832.000,51.58116
833.000,51.58116
834.000,51.58116
835.000,51.58116
836.000,51.58116
837.000,51.58116
838.000,51.58116
839.000,51.58116
840.000,51.58116
841.000,51.58116
842.000,51.58116
843.000,51.58116
844.000,51.58116
845.000,51.58116
846.000,51.58116
847.000,51.58116
848.000,51.58116
849.000,51.58116
850.000,51.58116
851.000,51.58116
852.000,51.58116
853.000,51.58116
854.000,51.58116
855.000,51.58116
856.000,51.58116
857.000,51.58116
858.000,51.58116
859.000,51.58116
860.000,51.58116
861.000,51.58116
862.000,51.58116
863.000,51.58116
864.000,51.58116
865.000,51.58116
866.000,51.58116
867.000,51.58116
868.000,51.58116
869.000,51.58116
870.000,51.58116
871.000,51.58116
872.000,51.58116
873.000,51.58116
874.000,51.58116
875.000,51.58116
876.000,51.58116
877.000,51.58116
878.000,51.58116
879.000,51.58116
880.000,51.58116
881.000,51.58116
882.000,51.58116
883.000,51.58116
884.000,51.58116
885.000,51.58116
886.000,51.58116
887.000,51.58116
888.000,51.58116
889.000,51.58116
890.000,51.58116
891.000,51.58116
892.000,51.58116
893.000,51.58116
894.000,51.58116
895.000,51.58116
896.000,51.58116
897.000,51.58116
898.000,51.58116
899.000,51.58116
900.000,51.58116
901.000,51.58116
902.000,51.58116
903.000,51.58116
904.000,51.58116
905.000,51.58116
906.000,51.58116
907.000,51.58116
908.000,51.58116
909.000,51.58116
910.000,51.58116
911.000,51.58116
912.000,51.58116
913.000,51.58116
914.000,51.58116
915.000,51.58116
916.000,51.58116
917.000,51.58116
918.000,51.58116
919.000,51.58116
920.000,51.58116
921.000,51.58116
922.000,51.58116
923.000,51.58116
924.000,51.58116
925.000,51.58116
926.000,51.58116
927.000,51.58116
928.000,50.62819
929.000,49.49951
930.000,48.37995
931.000,47.26943
932.000,46.16789
933.000,45.07525
934.000,43.99143
935.000,42.91638
936.000,41.85001
937.000,40.79226
938.000,39.74306
939.000,38.70234
940.000,37.67003
941.000,36.64605
942.000,35.63036
943.000,34.62287
944.000,33.62352
945.000,32.63225
946.000,31.64898
947.000,30.67367
948.000,29.70623
949.000,28.74661
950.000,27.79475
951.000,26.85058
952.000,25.91404
953.000,24.98506
954.000,24.06360
955.000,23.14958
956.000,22.24294
957.000,21.34363
958.000,20.45159
959.000,19.56676
960.000,18.68908
961.000,17.81849
962.000,16.95493
963.000,16.09835
964.000,15.24870
965.000,14.40591
966.000,13.56993
967.000,12.74071
968.000,11.91818
969.000,11.10231
970.000,10.29303
971.000,9.49028
972.000,8.69403
973.000,7.90420
974.000,7.12076
975.000,6.34366
976.000,5.57283
977.000,4.80823
978.000,4.04980
979.000,3.29751
980.000,2.55130
981.000,1.81111
982.000,1.07691
983.000,0.34864
984.000,-0.37374
985.000,-1.09029
986.000,-1.80105
987.000,-2.50606
988.000,-3.20538
989.000,-3.89904
990.000,-4.58710
991.000,-5.26960
992.000,-5.94659
993.000,-6.61810
994.000,-7.28419
995.000,-7.94490
996.000,-8.60026
997.000,-9.25033
998.000,-9.89515
999.000,-10.53476
1000.000,-11.16919
1001.000,-11.79851
1002.000,-12.42273
1003.000,-13.04191
1004.000,-13.65609
1005.000,-14.26531
1006.000,-14.86960
1007.000,-15.46901
1008.000,-16.06357
1009.000,51.58116
1010.000,51.58116
1011.000,51.58116
1012.000,51.58116
1013.000,51.58116
1014.000,51.58116
1015.000,51.58116
1016.000,51.58116
1017.000,51.58116
1018.000,51.58116
1019.000,51.58116
1020.000,51.58116
1021.000,51.58116
1022.000,51.58116
1023.000,51.58116
1024.000,51.58116
1025.000,51.58116
1026.000,51.58116
1027.000,51.58116
1028.000,51.58116
1029.000,51.58116
1030.000,51.58116
1031.000,51.58116
1032.000,51.58116
1033.000,51.58116
1034.000,51.58116
1035.000,51.58116
1036.000,51.58116
1037.000,51.58116
1038.000,51.58116
1039.000,51.58116
1040.000,51.58116
1041.000,51.58116
1042.000,51.58116
1043.000,51.58116
1044.000,51.58116
1045.000,51.58116
1046.000,51.58116
1047.000,51.58116
1048.000,51.58116
1049.000,51.58116
1050.000,51.58116
1051.000,51.58116
1052.000,51.58116
1053.000,51.58116
1054.000,51.58116
1055.000,51.58116
1056.000,51.58116
1057.000,51.58116
1058.000,51.58116
1059.000,51.58116
1060.000,51.58116
1061.000,51.58116
1062.000,51.58116
1063.000,51.58116
1064.000,51.58116
1065.000,51.58116
1066.000,51.58116
1067.000,51.58116
1068.000,51.58116
1069.000,51.58116
1070.000,51.58116
1071.000,51.58116
1072.000,51.58116
1073.000,51.58116
1074.000,51.58116
1075.000,51.58116
1076.000,51.58116
1077.000,51.58116
1078.000,51.58116
1079.000,51.58116
1080.000,51.58116
1081.000,51.58116
1082.000,51.58116
1083.000,51.58116
1084.000,51.58116
1085.000,51.58116
1086.000,51.58116
1087.000,51.58116
1088.000,51.58116
1089.000,51.58116
1090.000,51.58116
1091.000,51.58116
1092.000,51.58116
1093.000,51.58116
1094.000,51.58116
1095.000,51.58116
1096.000,51.58116
1097.000,51.58116
1098.000,51.58116
1099.000,51.58116
1100.000,51.58116
1101.000,51.58116
1102.000,51.58116
1103.000,51.58116
1104.000,51.58116
1105.000,51.58116
1106.000,51.58116
1107.000,51.58116
1108.000,51.58116
1109.000,51.58116
1110.000,51.58116
1111.000,51.58116
1112.000,51.58116
1113.000,51.58116
1114.000,51.58116
1115.000,51.58116
1116.000,51.58116
1117.000,51.58116
1118.000,51.58116
1119.000,51.58116
1120.000,51.58116
1121.000,51.58116
1122.000,51.58116
1123.000,51.58116
1124.000,51.58116
1125.000,51.58116
1126.000,51.58116
1127.000,51.58116
1128.000,51.58116
1129.000,51.58116
1130.000,51.58116
1131.000,51.58116
1132.000,51.58116
1133.000,51.58116
1134.000,51.58116
1135.000,51.58116
1136.000,51.58116
1137.000,51.58116
1138.000,51.58116
1139.000,51.58116
1140.000,51.58116
1141.000,51.58116
1142.000,51.58116
1143.000,51.58116
1144.000,51.58116
1145.000,51.58116
1146.000,51.58116
1147.000,51.58116
1148.000,51.58116
1149.000,51.58116
1150.000,51.58116
1151.000,51.58116
1152.000,51.58116
1153.000,51.58116
1154.000,51.58116
1155.000,51.58116
1156.000,51.58116
1157.000,51.58116
1158.000,51.58116
1159.000,51.58116
1160.000,51.58116
1161.000,51.58116
1162.000,51.58116
1163.000,51.58116
1164.000,51.58116
1165.000,51.58116
1166.000,51.58116
1167.000,51.58116
1168.000,51.58116
1169.000,51.58116
1170.000,51.58116
1171.000,51.58116
1172.000,51.58116
1173.000,51.58116
1174.000,51.58116
1175.000,51.58116
1176.000,51.58116
1177.000,51.58116
1178.000,50.66375
1179.000,49.53478
1180.000,48.41493
1181.000,47.30413
1182.000,46.20231
1183.000,45.10939
1184.000,44.02530
1185.000,42.94997
1186.000,41.88334
1187.000,40.82532
1188.000,39.77585
1189.000,38.73486
1190.000,37.70228
1191.000,36.67805
1192.000,35.66210
1193.000,34.65435
1194.000,33.65475
1195.000,32.66322
1196.000,31.67971
1197.000,30.70415
1198.000,29.73646
1199.000,28.77660
1200.000,27.82450
1201.000,26.88008
1202.000,25.94330
1203.000,25.01409
1204.000,24.09239
1205.000,23.17814
1206.000,22.27127
1207.000,21.37174
1208.000,20.47947
1209.000,19.59441
1210.000,18.71650
1211.000,17.84569
1212.000,16.98192
1213.000,16.12512
1214.000,15.27525
1215.000,14.43225
1216.000,13.59605
1217.000,12.76662
1218.000,11.94389
1219.000,11.12780
1220.000,10.31832
1221.000,9.51537
1222.000,8.71891
1223.000,7.92888
1224.000,7.14525
1225.000,6.36794
1226.000,5.59691
1227.000,4.83212
1228.000,4.07350
1229.000,3.32102
1230.000,2.57462
1231.000,1.83424
1232.000,1.09985
1233.000,0.37140
1234.000,-0.35117
1235.000,-1.06790
1236.000,-1.77884
1237.000,-2.48403
1238.000,-3.18353
1239.000,-3.87737
1240.000,-4.56560
1241.000,-5.24828
1242.000,-5.92543
1243.000,-6.59712
1244.000,-7.26338
1245.000,-7.92425
1246.000,-8.57978
1247.000,-9.23002
1248.000,-9.87500
1249.000,-10.51477
1250.000,-11.14937
1251.000,-11.77884
1252.000,-12.40323
1253.000,-13.02256
1254.000,-13.63690
1255.000,-14.24627
1256.000,-14.85072
1257.000,-15.45028
1258.000,-16.04499
1259.000,51.58116
1260.000,51.58116
1261.000,51.58116
1262.000,51.58116
1263.000,51.58116
1264.000,51.58116
1265.000,51.58116
1266.000,51.58116
1267.000,51.58116
1268.000,51.58116
1269.000,51.58116
1270.000,51.58116
1271.000,51.58116
1272.000,51.58116
1273.000,51.58116
1274.000,51.58116
1275.000,51.58116
1276.000,51.58116
1277.000,51.58116
1278.000,51.58116
1279.000,51.58116
1280.000,51.58116
1281.000,51.58116
1282.000,51.58116
1283.000,51.58116
1284.000,51.58116
1285.000,51.58116
1286.000,51.58116
1287.000,51.58116
1288.000,51.58116
1289.000,51.58116
1290.000,51.58116
1291.000,51.58116
1292.000,51.58116
1293.000,51.58116
1294.000,51.58116
1295.000,51.58116
1296.000,51.58116
1297.000,51.58116
1298.000,51.58116
1299.000,51.58116
1300.000,51.58116
1301.000,51.58116
1302.000,51.58116
1303.000,51.58116
1304.000,51.58116
1305.000,51.58116
1306.000,51.58116
1307.000,51.58116
1308.000,51.58116
1309.000,51.58116
1310.000,51.58116
1311.000,51.58116
1312.000,51.58116
1313.000,51.58116
1314.000,51.58116
1315.000,51.58116
1316.000,51.58116
1317.000,51.58116
1318.000,51.58116
1319.000,51.58116
1320.000,51.58116
1321.000,51.58116
1322.000,51.58116
1323.000,51.58116
1324.000,51.58116
1325.000,51.58116
1326.000,51.58116
1327.000,51.58116
1328.000,51.58116
1329.000,51.58116
1330.000,51.58116
1331.000,51.58116
1332.000,51.58116
1333.000,51.58116
1334.000,51.58116
1335.000,51.58116
1336.000,51.58116
1337.000,51.58116
1338.000,51.58116
1339.000,51.58116
1340.000,51.58116
1341.000,51.58116
1342.000,51.58116
1343.000,51.58116
1344.000,51.58116
1345.000,51.58116
1346.000,51.58116
1347.000,51.58116
1348.000,51.58116
1349.000,51.58116
1350.000,51.58116
1351.000,51.58116
1352.000,51.58116
1353.000,51.58116
1354.000,51.58116
1355.000,51.58116
1356.000,51.58116
1357.000,51.58116
1358.000,51.58116
1359.000,51.58116
1360.000,51.58116
1361.000,51.58116
1362.000,51.58116
1363.000,51.58116
1364.000,51.58116
1365.000,51.58116
1366.000,51.58116
1367.000,51.58116
1368.000,51.58116
1369.000,51.58116
1370.000,51.58116
1371.000,51.58116
1372.000,51.58116
1373.000,51.58116
1374.000,51.58116
1375.000,51.58116
1376.000,51.58116
1377.000,51.58116
1378.000,51.58116
1379.000,51.58116
1380.000,51.58116
1381.000,51.58116
1382.000,51.58116
1383.000,51.58116
1384.000,51.58116
1385.000,51.58116
1386.000,51.58116
1387.000,51.58116
1388.000,51.58116
1389.000,51.58116
1390.000,51.58116
1391.000,51.58116
1392.000,51.58116
1393.000,51.58116
1394.000,51.58116
1395.000,51.58116
1396.000,51.58116
1397.000,51.58116
1398.000,51.58116
1399.000,51.58116
1400.000,51.58116
1401.000,51.58116
1402.000,51.58116
1403.000,51.58116
1404.000,51.58116
1405.000,51.58116
1406.000,51.58116
1407.000,51.58116
1408.000,51.58116
1409.000,51.58116
1410.000,51.58116
1411.000,51.58116
1412.000,51.58116
1413.000,51.58116
1414.000,51.58116
1415.000,51.58116
1416.000,51.58116
1417.000,51.58116
1418.000,51.58116
1419.000,51.58116
1420.000,51.58116
1421.000,51.58116
1422.000,51.58116
1423.000,51.58116
1424.000,51.58116
1425.000,51.58116
1426.000,51.58116
1427.000,51.58116
1428.000,50.66843
1429.000,49.53942
1430.000,48.41953
1431.000,47.30870
1432.000,46.20684
1433.000,45.11388
1434.000,44.02976
1435.000,42.95439
1436.000,41.88772
1437.000,40.82967
1438.000,39.78016
1439.000,38.73914
1440.000,37.70653
1441.000,36.68226
1442.000,35.66627
1443.000,34.65849
1444.000,33.65886
1445.000,32.66730
1446.000,31.68375
1447.000,30.70815
1448.000,29.74044
1449.000,28.78055
1450.000,27.82841
1451.000,26.88396
1452.000,25.94715
1453.000,25.01791
1454.000,24.09618
1455.000,23.18190
1456.000,22.27500
1457.000,21.37543
1458.000,20.48313
1459.000,19.59805
1460.000,18.72011
1461.000,17.84927
1462.000,16.98547
1463.000,16.12864
1464.000,15.27874
1465.000,14.43571
1466.000,13.59949
1467.000,12.77003
1468.000,11.94727
1469.000,11.13116
1470.000,10.32164
1471.000,9.51867
1472.000,8.72218
1473.000,7.93213
1474.000,7.14847
1475.000,6.37113
1476.000,5.60008
1477.000,4.83526
1478.000,4.07662
1479.000,3.32411
1480.000,2.57768
1481.000,1.83728
1482.000,1.10287
1483.000,0.37439
1484.000,-0.34820
1485.000,-1.06496
1486.000,-1.77592
1487.000,-2.48113
1488.000,-3.18065
1489.000,-3.87452
1490.000,-4.56277
1491.000,-5.24547
1492.000,-5.92265
1493.000,-6.59436
1494.000,-7.26064
1495.000,-7.92153
1496.000,-8.57709
1497.000,-9.22735
1498.000,-9.87235
1499.000,-10.51214
1500.000,-11.14676
1501.000,-11.77625
1502.000,-12.40066
1503.000,-13.02002
1504.000,-13.63437
1505.000,-14.24377
1506.000,-14.84823
1507.000,-15.44781
1508.000,-16.04255
1509.000,51.58116
1510.000,51.58116
1511.000,51.58116
1512.000,51.58116
1513.000,51.58116
1514.000,51.58116
1515.000,51.58116
1516.000,51.58116
1517.000,51.58116
1518.000,51.58116
1519.000,51.58116
1520.000,51.58116
1521.000,51.58116
1522.000,51.58116
1523.000,51.58116
1524.000,51.58116
1525.000,51.58116
1526.000,51.58116
1527.000,51.58116
1528.000,51.58116
1529.000,51.58116
1530.000,51.58116
1531.000,51.58116
1532.000,51.58116
1533.000,51.58116
1534.000,51.58116
1535.000,51.58116
1536.000,51.58116
1537.000,51.58116
1538.000,51.58116
1539.000,51.58116
1540.000,51.58116
1541.000,51.58116
1542.000,51.58116
1543.000,51.58116
1544.000,51.58116
1545.000,51.58116
1546.000,51.58116
1547.000,51.58116
1548.000,51.58116
1549.000,51.58116
1550.000,51.58116
1551.000,51.58116
1552.000,51.58116
1553.000,51.58116
1554.000,51.58116
1555.000,51.58116
1556.000,51.58116
1557.000,51.58116
1558.000,51.58116
1559.000,51.58116
1560.000,51.58116
1561.000,51.58116
1562.000,51.58116
1563.000,51.58116
1564.000,51.58116
1565.000,51.58116
1566.000,51.58116
1567.000,51.58116
1568.000,51.58116
1569.000,51.58116
1570.000,51.58116
1571.000,51.58116
1572.000,51.58116
1573.000,51.58116
1574.000,51.58116
1575.000,51.58116
1576.000,51.58116
1577.000,51.58116
1578.000,51.58116
1579.000,51.58116
1580.000,51.58116
1581.000,51.58116
1582.000,51.58116
1583.000,51.58116
1584.000,51.58116
1585.000,51.58116
1586.000,51.58116
1587.000,51.58116
1588.000,51.58116
1589.000,51.58116
1590.000,51.58116
1591.000,51.58116
1592.000,51.58116
1593.000,51.58116
1594.000,51.58116
1595.000,51.58116
1596.000,51.58116
1597.000,51.58116
1598.000,51.58116
1599.000,51.58116
1600.000,51.58116
1601.000,51.58116
1602.000,51.58116
1603.000,51.58116
1604.000,51.58116
1605.000,51.58116
1606.000,51.58116
1607.000,51.58116
1608.000,51.58116
1609.000,51.58116
1610.000,51.58116
1611.000,51.58116
1612.000,51.58116
1613.000,51.58116
1614.000,51.58116
1615.000,51.58116
1616.000,51.58116
1617.000,51.58116
1618.000,51.58116
1619.000,51.58116
1620.000,51.58116
1621.000,51.58116
1622.000,51.58116
1623.000,51.58116
1624.000,51.58116
1625.000,51.58116
1626.000,51.58116
1627.000,51.58116
1628.000,51.58116
1629.000,51.58116
1630.000,51.58116
1631.000,51.58116
1632.000,51.58116
1633.000,51.58116
1634.000,51.58116
1635.000,51.58116
1636.000,51.58116
1637.000,51.58116
1638.000,51.58116
1639.000,51.58116
1640.000,51.58116
1641.000,51.58116
1642.000,51.58116
1643.000,51.58116
1644.000,51.58116
1645.000,51.58116
1646.000,51.58116
1647.000,51.58116
1648.000,51.58116
1649.000,51.58116
1650.000,51.58116
1651.000,51.58116
1652.000,51.58116
1653.000,51.58116
1654.000,51.58116
1655.000,51.58116
1656.000,51.58116
1657.000,51.58116
1658.000,51.58116
1659.000,51.58116
1660.000,51.58116
1661.000,51.58116
1662.000,51.58116
1663.000,51.58116
1664.000,51.58116
1665.000,51.58116
1666.000,51.58116
1667.000,51.58116
1668.000,51.58116
1669.000,51.58116
1670.000,51.58116
1671.000,51.58116
1672.000,51.58116
1673.000,51.58116
1674.000,51.58116
1675.000,51.58116
1676.000,51.58116
1677.000,51.58116
1678.000,50.66904
1679.000,49.54003
1680.000,48.42014
1681.000,47.30930
1682.000,46.20743
1683.000,45.11447
1684.000,44.03034
1685.000,42.95497
1686.000,41.88830
1687.000,40.83024
1688.000,39.78073
1689.000,38.73970
1690.000,37.70709
1691.000,36.68281
1692.000,35.66682
1693.000,34.65904
1694.000,33.65940
1695.000,32.66783
1696.000,31.68428
1697.000,30.70868
1698.000,29.74096
1699.000,28.78106
1700.000,27.82892
1701.000,26.88447
1702.000,25.94766
1703.000,25.01841
1704.000,24.09668
1705.000,23.18239
1706.000,22.27549
1707.000,21.37592
1708.000,20.48362
1709.000,19.59852
1710.000,18.72059
1711.000,17.84974
1712.000,16.98593
1713.000,16.12910
1714.000,15.27920
1715.000,14.43617
1716.000,13.59994
1717.000,12.77048
1718.000,11.94771
1719.000,11.13160
1720.000,10.32208
1721.000,9.51910
1722.000,8.72261
1723.000,7.93256
1724.000,7.14889
1725.000,6.37155
1726.000,5.60050
1727.000,4.83567
1728.000,4.07703
1729.000,3.32452
1730.000,2.57809
1731.000,1.83768
1732.000,1.10327
1733.000,0.37478
1734.000,-0.34781
1735.000,-1.06457
1736.000,-1.77553
1737.000,-2.48075
1738.000,-3.18027
1739.000,-3.87414
1740.000,-4.56240
1741.000,-5.24510
1742.000,-5.92229
1743.000,-6.59400
1744.000,-7.26028
1745.000,-7.92118
1746.000,-8.57673
1747.000,-9.22700
1748.000,-9.87200
1749.000,-10.51179
1750.000,-11.14642
1751.000,-11.77591
1752.000,-12.40032
1753.000,-13.01968
1754.000,-13.63404
1755.000,-14.24344
1756.000,-14.84791
1757.000,-15.44749
1758.000,-16.04223
1759.000,51.58116
1760.000,51.58116
1761.000,51.58116
1762.000,51.58116
1763.000,51.58116
1764.000,51.58116
1765.000,51.58116
1766.000,51.58116
1767.000,51.58116
1768.000,51.58116
1769.000,51.58116
1770.000,51.58116
1771.000,51.58116
1772.000,51.58116
1773.000,51.58116
1774.000,51.58116
1775.000,51.58116
1776.000,51.58116
1777.000,51.58116
1778.000,51.58116
1779.000,51.58116
1780.000,51.58116
1781.000,51.58116
1782.000,51.58116
1783.000,51.58116
1784.000,51.58116
1785.000,51.58116
1786.000,51.58116
1787.000,51.58116
1788.000,51.58116
1789.000,51.58116
1790.000,51.58116
1791.000,51.58116
1792.000,51.58116
1793.000,51.58116
1794.000,51.58116
1795.000,51.58116
1796.000,51.58116
1797.000,51.58116
1798.000,51.58116
1799.000,51.58116
1800.000,51.58116
1801.000,51.58116
1802.000,51.58116
1803.000,51.58116
1804.000,51.58116
1805.000,51.58116
1806.000,51.58116
1807.000,51.58116
1808.000,51.58116
1809.000,51.58116
1810.000,51.58116
1811.000,51.58116
1812.000,51.58116
1813.000,51.58116
1814.000,51.58116
1815.000,51.58116
1816.000,51.58116
1817.000,51.58116
1818.000,51.58116
1819.000,51.58116
1820.000,51.58116
1821.000,51.58116
1822.000,51.58116
1823.000,51.58116
1824.000,51.58116
1825.000,51.58116
1826.000,51.58116
1827.000,51.58116
1828.000,51.58116
1829.000,51.58116
1830.000,51.58116
1831.000,51.58116
1832.000,51.58116
1833.000,51.58116
1834.000,51.58116
1835.000,51.58116
1836.000,51.58116
1837.000,51.58116
1838.000,51.58116
1839.000,51.58116
1840.000,51.58116
1841.000,51.58116
1842.000,51.58116
1843.000,51.58116
1844.000,51.58116
1845.000,51.58116
1846.000,51.58116
1847.000,51.58116
1848.000,51.58116
1849.000,51.58116
1850.000,51.58116
1851.000,51.58116
1852.000,51.58116
1853.000,51.58116
1854.000,51.58116
1855.000,51.58116
1856.000,51.58116
1857.000,51.58116
1858.000,51.58116
1859.000,51.58116
1860.000,51.58116
1861.000,51.58116
1862.000,51.58116
1863.000,51.58116
1864.000,51.58116
1865.000,51.58116
1866.000,51.58116
1867.000,51.58116
1868.000,51.58116
1869.000,51.58116
1870.000,51.58116
1871.000,51.58116
1872.000,51.58116
1873.000,51.58116
1874.000,51.58116
1875.000,51.58116
1876.000,51.58116
1877.000,51.58116
1878.000,51.58116
1879.000,51.58116
1880.000,51.58116
1881.000,51.58116
1882.000,51.58116
1883.000,51.58116
1884.000,51.58116
1885.000,51.58116
1886.000,51.58116
1887.000,51.58116
1888.000,51.58116
1889.000,51.58116
1890.000,51.58116
1891.000,51.58116
1892.000,51.58116
1893.000,51.58116
1894.000,51.58116
1895.000,51.58116
1896.000,51.58116
1897.000,51.58116
1898.000,51.58116
1899.000,51.58116
1900.000,51.58116
1901.000,51.58116
1902.000,51.58116
1903.000,51.58116
1904.000,51.58116
1905.000,51.58116
1906.000,51.58116
1907.000,51.58116
1908.000,51.58116
1909.000,51.58116
1910.000,51.58116
1911.000,51.58116
1912.000,51.58116
1913.000,51.58116
1914.000,51.58116
1915.000,51.58116
1916.000,51.58116
1917.000,51.58116
1918.000,51.58116
1919.000,51.58116
1920.000,51.58116
1921.000,51.58116
1922.000,51.58116
1923.000,51.58116
1924.000,51.58116
1925.000,51.58116
1926.000,51.58116
1927.000,51.58116
1928.000,50.66912
1929.000,49.54011
1930.000,48.42022
1931.000,47.30938
1932.000,46.20751
1933.000,45.11455
1934.000,44.03042
1935.000,42.95505
1936.000,41.88837
1937.000,40.83031
1938.000,39.78080
1939.000,38.73977
1940.000,37.70716
1941.000,36.68289
1942.000,35.66689
1943.000,34.65911
1944.000,33.65947
1945.000,32.66790
1946.000,31.68435
1947.000,30.70875
1948.000,29.74103
1949.000,28.78113
1950.000,27.82899
1951.000,26.88454
1952.000,25.94773
1953.000,25.01848
1954.000,24.09674
1955.000,23.18245
1956.000,22.27555
1957.000,21.37598
1958.000,20.48368
1959.000,19.59859
1960.000,18.72065
1961.000,17.84980
1962.000,16.98599
1963.000,16.12917
1964.000,15.27926
1965.000,14.43623
1966.000,13.60000
1967.000,12.77054
1968.000,11.94777
1969.000,11.13166
1970.000,10.32214
1971.000,9.51916
1972.000,8.72267
1973.000,7.93261
1974.000,7.14894
1975.000,6.37161
1976.000,5.60055
1977.000,4.83573
1978.000,4.07708
1979.000,3.32457
1980.000,2.57814
1981.000,1.83774
1982.000,1.10332
1983.000,0.37484
1984.000,-0.34776
1985.000,-1.06452
1986.000,-1.77548
1987.000,-2.48070
1988.000,-3.18022
1989.000,-3.87409
1990.000,-4.56235
1991.000,-5.24505
1992.000,-5.92224
1993.000,-6.59395
1994.000,-7.26023
1995.000,-7.92113
1996.000,-8.57669
1997.000,-9.22695
1998.000,-9.87196
1999.000,-10.51175
2000.000,-11.14637
2001.000,-11.77587
2002.000,-12.40028
2003.000,-13.01964
2004.000,-13.63400
2005.000,-14.24339
2006.000,-14.84786
2007.000,-15.44745
2008.000,-16.04219
2009.000,51.58116
2010.000,51.58116
2011.000,51.58116
2012.000,51.58116
2013.000,51.58116
2014.000,51.58116
2015.000,51.58116
2016.000,51.58116
2017.000,51.58116
2018.000,51.58116
2019.000,51.58116
2020.000,51.58116
2021.000,51.58116
2022.000,51.58116
2023.000,51.58116
2024.000,51.58116
2025.000,51.58116
2026.000,51.58116
2027.000,51.58116
2028.000,51.58116
2029.000,51.58116
2030.000,51.58116
2031.000,51.58116
2032.000,51.58116
2033.000,51.58116
2034.000,51.58116
2035.000,51.58116
2036.000,51.58116
2037.000,51.58116
2038.000,51.58116
2039.000,51.58116
2040.000,51.58116
2041.000,51.58116
2042.000,51.58116
2043.000,51.58116
2044.000,51.58116
2045.000,51.58116
2046.000,51.58116
2047.000,51.58116
2048.000,51.58116
2049.000,51.58116
2050.000,51.58116
2051.000,51.58116
2052.000,51.58116
2053.000,51.58116
2054.000,51.58116
2055.000,51.58116
2056.000,51.58116
2057.000,51.58116
2058.000,51.58116
2059.000,51.58116
2060.000,51.58116
2061.000,51.58116
2062.000,51.58116
2063.000,51.58116
2064.000,51.58116
2065.000,51.58116
2066.000,51.58116
2067.000,51.58116
2068.000,51.58116
2069.000,51.58116
2070.000,51.58116
2071.000,51.58116
2072.000,51.58116
2073.000,51.58116
2074.000,51.58116
2075.000,51.58116
2076.000,51.58116
2077.000,51.58116
2078.000,51.58116
2079.000,51.58116
2080.000,51.58116
2081.000,51.58116
2082.000,51.58116
2083.000,51.58116
2084.000,51.58116
2085.000,51.58116
2086.000,51.58116
2087.000,51.58116
2088.000,51.58116
2089.000,51.58116
2090.000,51.58116
2091.000,51.58116
2092.000,51.58116
2093.000,51.58116
2094.000,51.58116
2095.000,51.58116
2096.000,51.58116
2097.000,51.58116
2098.000,51.58116
2099.000,51.58116
2100.000,51.58116
2101.000,51.58116
2102.000,51.58116
2103.000,51.58116
2104.000,51.58116
2105.000,51.58116
2106.000,51.58116
2107.000,51.58116
2108.000,51.58116
2109.000,51.58116
2110.000,51.58116
2111.000,51.58116
2112.000,51.58116
2113.000,51.58116
2114.000,51.58116
2115.000,51.58116
2116.000,51.58116
2117.000,51.58116
2118.000,51.58116
2119.000,51.58116
2120.000,51.58116
2121.000,51.58116
2122.000,51.58116
2123.000,51.58116
2124.000,51.58116
2125.000,51.58116
2126.000,51.58116
2127.000,51.58116
2128.000,51.58116
2129.000,51.58116
2130.000,51.58116
2131.000,51.58116
2132.000,51.58116
2133.000,51.58116
2134.000,51.58116
2135.000,51.58116
2136.000,51.58116
2137.000,51.58116
2138.000,51.58116
2139.000,51.58116
2140.000,51.58116
2141.000,51.58116
2142.000,51.58116
2143.000,51.58116
2144.000,51.58116
2145.000,51.58116
2146.000,51.58116
2147.000,51.58116
2148.000,51.58116
2149.000,51.58116
2150.000,51.58116
2151.000,51.58116
2152.000,51.58116
2153.000,51.58116
2154.000,51.58116
2155.000,51.58116
2156.000,51.58116
2157.000,51.58116
2158.000,51.58116
2159.000,51.58116
2160.000,51.58116
2161.000,51.58116
2162.000,51.58116
2163.000,51.58116
2164.000,51.58116
2165.000,51.58116
2166.000,51.58116
2167.000,51.58116
2168.000,51.58116
2169.000,51.58116
2170.000,51.58116
2171.000,51.58116
2172.000,51.58116
2173.000,51.58116
2174.000,51.58116
2175.000,51.58116
2176.000,51.58116
2177.000,51.58116
2178.000,50.66913
2179.000,49.54012
2180.000,48.42023
2181.000,47.30939
2182.000,46.20752
2183.000,45.11456
2184.000,44.03043
2185.000,42.95506
2186.000,41.88838
2187.000,40.83032
2188.000,39.78081
2189.000,38.73978
2190.000,37.70717
2191.000,36.68290
2192.000,35.66690
2193.000,34.65912
2194.000,33.65948
2195.000,32.66791
2196.000,31.68436
2197.000,30.70876
2198.000,29.74104
2199.000,28.78114
2200.000,27.82900
2201.000,26.88455
2202.000,25.94773
2203.000,25.01849
2204.000,24.09675
2205.000,23.18246
2206.000,22.27556
2207.000,21.37599
2208.000,20.48369
2209.000,19.59860
2210.000,18.72066
2211.000,17.84981
2212.000,16.98600
2213.000,16.12917
2214.000,15.27927
2215.000,14.43623
2216.000,13.60001
2217.000,12.77054
2218.000,11.94778
2219.000,11.13166
2220.000,10.32214
2221.000,9.51917
2222.000,8.72268
2223.000,7.93262
2224.000,7.14895
2225.000,6.37162
2226.000,5.60056
2227.000,4.83574
2228.000,4.07709
2229.000,3.32458
2230.000,2.57815
2231.000,1.83774
2232.000,1.10333
2233.000,0.37484
2234.000,-0.34775
2235.000,-1.06451
2236.000,-1.77548
2237.000,-2.48070
2238.000,-3.18022
2239.000,-3.87409
2240.000,-4.56235
2241.000,-5.24505
2242.000,-5.92223
2243.000,-6.59394
2244.000,-7.26022
2245.000,-7.92112
2246.000,-8.57668
2247.000,-9.22694
2248.000,-9.87195
2249.000,-10.51174
2250.000,-11.14637
2251.000,-11.77586
2252.000,-12.40027
2253.000,-13.01964
2254.000,-13.63399
2255.000,-14.24339
2256.000,-14.84786
2257.000,-15.44744
2258.000,-16.04218
2259.000,51.58116
2260.000,51.58116
2261.000,51.58116
2262.000,51.58116
2263.000,51.58116
2264.000,51.58116
2265.000,51.58116
2266.000,51.58116
2267.000,51.58116
2268.000,51.58116
2269.000,51.58116
2270.000,51.58116
2271.000,51.58116
2272.000,51.58116
2273.000,51.58116
2274.000,51.58116
2275.000,51.58116
2276.000,51.58116
2277.000,51.58116
2278.000,51.58116
2279.000,51.58116
2280.000,51.58116
2281.000,51.58116
2282.000,51.58116
2283.000,51.58116
2284.000,51.58116
2285.000,51.58116
2286.000,51.58116
2287.000,51.58116
2288.000,51.58116
2289.000,51.58116
2290.000,51.58116
2291.000,51.58116
2292.000,51.58116
2293.000,51.58116
2294.000,51.58116
2295.000,51.58116
2296.000,51.58116
2297.000,51.58116
2298.000,51.58116
2299.000,51.58116
2300.000,51.58116
2301.000,51.58116
2302.000,51.58116
2303.000,51.58116
2304.000,51.58116
2305.000,51.58116
2306.000,51.58116
2307.000,51.58116
2308.000,51.58116
2309.000,51.58116
2310.000,51.58116
2311.000,51.58116
2312.000,51.58116
2313.000,51.58116
2314.000,51.58116
2315.000,51.58116
2316.000,51.58116
2317.000,51.58116
2318.000,51.58116
2319.000,51.58116
2320.000,51.58116
2321.000,51.58116
2322.000,51.58116
2323.000,51.58116
2324.000,51.58116
2325.000,51.58116
2326.000,51.58116
2327.000,51.58116
2328.000,51.58116
2329.000,51.58116
2330.000,51.58116
2331.000,51.58116
2332.000,51.58116
2333.000,51.58116
2334.000,51.58116
2335.000,51.58116
2336.000,51.58116
2337.000,51.58116
2338.000,51.58116
2339.000,51.58116
2340.000,51.58116
2341.000,51.58116
2342.000,51.58116
2343.000,51.58116
2344.000,51.58116
2345.000,51.58116
2346.000,51.58116
2347.000,51.58116
2348.000,51.58116
2349.000,51.58116
2350.000,51.58116
2351.000,51.58116
2352.000,51.58116
2353.000,51.58116
2354.000,51.58116
2355.000,51.58116
2356.000,51.58116
2357.000,51.58116
2358.000,51.58116
2359.000,51.58116
2360.000,51.58116
2361.000,51.58116
2362.000,51.58116
2363.000,51.58116
2364.000,51.58116
2365.000,51.58116
2366.000,51.58116
2367.000,51.58116
2368.000,51.58116
2369.000,51.58116
2370.000,51.58116
2371.000,51.58116
2372.000,51.58116
2373.000,51.58116
2374.000,51.58116
2375.000,51.58116
2376.000,51.58116
2377.000,51.58116
2378.000,51.58116
2379.000,51.58116
2380.000,51.58116
2381.000,51.58116
2382.000,51.58116
2383.000,51.58116
2384.000,51.58116
2385.000,51.58116
2386.000,51.58116
2387.000,51.58116
2388.000,51.58116
2389.000,51.58116
2390.000,51.58116
2391.000,51.58116
2392.000,51.58116
2393.000,51.58116
2394.000,51.58116
2395.000,51.58116
2396.000,51.58116
2397.000,51.58116
2398.000,51.58116
2399.000,51.58116
2400.000,51.58116
2401.000,51.58116
2402.000,51.58116
2403.000,51.58116
2404.000,51.58116
2405.000,51.58116
2406.000,51.58116
2407.000,51.58116
2408.000,51.58116
2409.000,51.58116
2410.000,51.58116
2411.000,51.58116
2412.000,51.58116
2413.000,51.58116
2414.000,51.58116
2415.000,51.58116
2416.000,51.58116
2417.000,51.58116
2418.000,51.58116
2419.000,51.58116
2420.000,51.58116
2421.000,51.58116
2422.000,51.58116
2423.000,51.58116
2424.000,51.58116
2425.000,51.58116
2426.000,51.58116
2427.000,51.58116
2428.000,50.66914
2429.000,49.54012
2430.000,48.42023
2431.000,47.30939
2432.000,46.20752
2433.000,45.11456
2434.000,44.03043
2435.000,42.95506
2436.000,41.88838
2437.000,40.83032
2438.000,39.78081
2439.000,38.73979
2440.000,37.70717
2441.000,36.68290
2442.000,35.66690
2443.000,34.65912
2444.000,33.65948
2445.000,32.66791
2446.000,31.68436
2447.000,30.70876
2448.000,29.74104
2449.000,28.78114
2450.000,27.82900
2451.000,26.88455
2452.000,25.94774
2453.000,25.01849
2454.000,24.09675
2455.000,23.18246
2456.000,22.27556
2457.000,21.37599
2458.000,20.48369
2459.000,19.59860
2460.000,18.72066
2461.000,17.84981
2462.000,16.98600
2463.000,16.12917
2464.000,15.27927
2465.000,14.43623
2466.000,13.60001
2467.000,12.77054
2468.000,11.94778
2469.000,11.13167
2470.000,10.32214
2471.000,9.51917
2472.000,8.72268
2473.000,7.93262
2474.000,7.14895
2475.000,6.37162
2476.000,5.60056
2477.000,4.83574
2478.000,4.07709
2479.000,3.32458
2480.000,2.57815
2481.000,1.83775
2482.000,1.10333
2483.000,0.37484
2484.000,-0.34775
2485.000,-1.06451
2486.000,-1.77547
2487.000,-2.48069
2488.000,-3.18022
2489.000,-3.87408
2490.000,-4.56235
2491.000,-5.24505
2492.000,-5.92223
2493.000,-6.59394
2494.000,-7.26022
2495.000,-7.92112
2496.000,-8.57668
2497.000,-9.22694
2498.000,-9.87195
2499.000,-10.51174
2500.000,-11.14637
2501.000,-11.77586
2502.000,-12.40027
2503.000,-13.01963
2504.000,-13.63399
2505.000,-14.24339
2506.000,-14.84786
2507.000,-15.44744
2508.000,-16.04218
2509.000,51.58116
2510.000,51.58116
2511.000,51.58116
2512.000,51.58116
2513.000,51.58116
2514.000,51.58116
2515.000,51.58116
2516.000,51.58116
2517.000,51.58116
2518.000,51.58116
2519.000,51.58116
2520.000,51.58116
2521.000,51.58116
2522.000,51.58116
2523.000,51.58116
2524.000,51.58116
2525.000,51.58116
2526.000,51.58116
2527.000,51.58116
2528.000,51.58116
2529.000,51.58116
2530.000,51.58116
2531.000,51.58116
2532.000,51.58116
2533.000,51.58116
2534.000,51.58116
2535.000,51.58116
2536.000,51.58116
2537.000,51.58116
2538.000,51.58116
2539.000,51.58116
2540.000,51.58116
2541.000,51.58116
2542.000,51.58116
2543.000,51.58116
2544.000,51.58116
2545.000,51.58116
2546.000,51.58116
2547.000,51.58116
2548.000,51.58116
2549.000,51.58116
2550.000,51.58116
2551.000,51.58116
2552.000,51.58116
2553.000,51.58116
2554.000,51.58116
2555.000,51.58116
2556.000,51.58116
2557.000,51.58116
2558.000,51.58116
2559.000,51.58116
2560.000,51.58116
2561.000,51.58116
2562.000,51.58116
2563.000,51.58116
2564.000,51.58116
2565.000,51.58116
2566.000,51.58116
2567.000,51.58116
2568.000,51.58116
2569.000,51.58116
2570.000,51.58116
2571.000,51.58116
2572.000,51.58116
2573.000,51.58116
2574.000,51.58116
2575.000,51.58116
2576.000,51.58116
2577.000,51.58116
2578.000,51.58116
2579.000,51.58116
2580.000,51.58116
2581.000,51.58116
2582.000,51.58116
2583.000,51.58116
2584.000,51.58116
2585.000,51.58116
2586.000,51.58116
2587.000,51.58116
2588.000,51.58116
2589.000,51.58116
2590.000,51.58116
2591.000,51.58116
2592.000,51.58116
2593.000,51.58116
2594.000,51.58116
2595.000,51.58116
2596.000,51.58116
2597.000,51.58116
2598.000,51.58116
2599.000,51.58116
2600.000,51.58116
2601.000,51.58116
2602.000,51.58116
2603.000,51.58116
2604.000,51.58116
2605.000,51.58116
2606.000,51.58116
2607.000,51.58116
2608.000,51.58116
2609.000,51.58116
2610.000,51.58116
2611.000,51.58116
2612.000,51.58116
2613.000,51.58116
2614.000,51.58116
2615.000,51.58116
2616.000,51.58116
2617.000,51.58116
2618.000,51.58116
2619.000,51.58116
2620.000,51.58116
2621.000,51.58116
2622.000,51.58116
2623.000,51.58116
2624.000,51.58116
2625.000,51.58116
2626.000,51.58116
2627.000,51.58116
2628.000,51.58116
2629.000,51.58116
2630.000,51.58116
2631.000,51.58116
2632.000,51.58116
2633.000,51.58116
2634.000,51.58116
2635.000,51.58116
2636.000,51.58116
2637.000,51.58116
2638.000,51.58116
2639.000,51.58116
2640.000,51.58116
2641.000,51.58116
2642.000,51.58116
2643.000,51.58116
2644.000,51.58116
2645.000,51.58116
2646.000,51.58116
2647.000,51.58116
2648.000,51.58116
2649.000,51.58116
2650.000,51.58116
2651.000,51.58116
2652.000,51.58116
2653.000,51.58116
2654.000,51.58116
2655.000,51.58116
2656.000,51.58116
2657.000,51.58116
2658.000,51.58116
2659.000,51.58116
2660.000,51.58116
2661.000,51.58116
2662.000,51.58116
2663.000,51.58116
2664.000,51.58116
2665.000,51.58116
2666.000,51.58116
2667.000,51.58116
2668.000,51.58116
2669.000,51.58116
2670.000,51.58116
2671.000,51.58116
2672.000,51.58116
2673.000,51.58116
2674.000,51.58116
2675.000,51.58116
2676.000,51.58116
2677.000,51.58116
2678.000,50.66914
2679.000,49.54012
2680.000,48.42023
2681.000,47.30939
2682.000,46.20752
2683.000,45.11456
2684.000,44.03043
2685.000,42.95506
2686.000,41.88838
2687.000,40.83032
2688.000,39.78081
2689.000,38.73979
2690.000,37.70717
2691.000,36.68290
2692.000,35.66690
2693.000,34.65912
2694.000,33.65948
2695.000,32.66791
2696.000,31.68436
2697.000,30.70876
2698.000,29.74104
2699.000,28.78114
2700.000,27.82900
2701.000,26.88455
2702.000,25.94774
2703.000,25.01849
2704.000,24.09675
2705.000,23.18246
2706.000,22.27556
2707.000,21.37599
2708.000,20.48369
2709.000,19.59860
2710.000,18.72066
2711.000,17.84981
2712.000,16.98600
2713.000,16.12918
2714.000,15.27927
2715.000,14.43623
2716.000,13.60001
2717.000,12.77054
2718.000,11.94778
2719.000,11.13167
2720.000,10.32215
2721.000,9.51917
2722.000,8.72268
2723.000,7.93262
2724.000,7.14895
2725.000,6.37162
2726.000,5.60056
2727.000,4.83574
2728.000,4.07709
2729.000,3.32458
2730.000,2.57815
2731.000,1.83775
2732.000,1.10333
2733.000,0.37484
2734.000,-0.34775
2735.000,-1.06451
2736.000,-1.77547
2737.000,-2.48069
2738.000,-3.18022
2739.000,-3.87408
2740.000,-4.56235
2741.000,-5.24505
2742.000,-5.92223
2743.000,-6.59394
2744.000,-7.26022
2745.000,-7.92112
2746.000,-8.57668
2747.000,-9.22694
2748.000,-9.87195
2749.000,-10.51174
2750.000,-11.14637
2751.000,-11.77586
2752.000,-12.40027
2753.000,-13.01963
2754.000,-13.63399
2755.000,-14.24339
2756.000,-14.84786
2757.000,-15.44744
2758.000,-16.04218
2759.000,51.58116
2760.000,51.58116
2761.000,51.58116
2762.000,51.58116
2763.000,51.58116
2764.000,51.58116
2765.000,51.58116
2766.000,51.58116
2767.000,51.58116
2768.000,51.58116
2769.000,51.58116
2770.000,51.58116
2771.000,51.58116
2772.000,51.58116
2773.000,51.58116
2774.000,51.58116
2775.000,51.58116
2776.000,51.58116
2777.000,51.58116
2778.000,51.58116
2779.000,51.58116
2780.000,51.58116
2781.000,51.58116
2782.000,51.58116
2783.000,51.58116
2784.000,51.58116
2785.000,51.58116
2786.000,51.58116
2787.000,51.58116
2788.000,51.58116
2789.000,51.58116
2790.000,51.58116
2791.000,51.58116
2792.000,51.58116
2793.000,51.58116
2794.000,51.58116
2795.000,51.58116
2796.000,51.58116
2797.000,51.58116
2798.000,51.58116
2799.000,51.58116
2800.000,51.58116
2801.000,51.58116
2802.000,51.58116
2803.000,51.58116
2804.000,51.58116
2805.000,51.58116
2806.000,51.58116
2807.000,51.58116
2808.000,51.58116
2809.000,51.58116
2810.000,51.58116
2811.000,51.58116
2812.000,51.58116
2813.000,51.58116
2814.000,51.58116
2815.000,51.58116
2816.000,51.58116
2817.000,51.58116
2818.000,51.58116
2819.000,51.58116
2820.000,51.58116
2821.000,51.58116
2822.000,51.58116
2823.000,51.58116
2824.000,51.58116
2825.000,51.58116
2826.000,51.58116
2827.000,51.58116
2828.000,51.58116
2829.000,51.58116
2830.000,51.58116
2831.000,51.58116
2832.000,51.58116
2833.000,51.58116
2834.000,51.58116
2835.000,51.58116
2836.000,51.58116
2837.000,51.58116
2838.000,51.58116
2839.000,51.58116
2840.000,51.58116
2841.000,51.58116
2842.000,51.58116
2843.000,51.58116
2844.000,51.58116
2845.000,51.58116
2846.000,51.58116
2847.000,51.58116
2848.000,51.58116
2849.000,51.58116
2850.000,51.58116
2851.000,51.58116
2852.000,51.58116
2853.000,51.58116
2854.000,51.58116
2855.000,51.58116
2856.000,51.58116
2857.000,51.58116
2858.000,51.58116
2859.000,51.58116
2860.000,51.58116
2861.000,51.58116
2862.000,51.58116
2863.000,51.58116
2864.000,51.58116
2865.000,51.58116
2866.000,51.58116
2867.000,51.58116
2868.000,51.58116
2869.000,51.58116
2870.000,51.58116
2871.000,51.58116
2872.000,51.58116
2873.000,51.58116
2874.000,51.58116
2875.000,51.58116
2876.000,51.58116
2877.000,51.58116
2878.000,51.58116
2879.000,51.58116
2880.000,51.58116
2881.000,51.58116
2882.000,51.58116
2883.000,51.58116
2884.000,51.58116
2885.000,51.58116
2886.000,51.58116
2887.000,51.58116
2888.000,51.58116
2889.000,51.58116
2890.000,51.58116
2891.000,51.58116
2892.000,51.58116
2893.000,51.58116
2894.000,51.58116
2895.000,51.58116
2896.000,51.58116
2897.000,51.58116
2898.000,51.58116
2899.000,51.58116
2900.000,51.58116
2901.000,51.58116
2902.000,51.58116
2903.000,51.58116
2904.000,51.58116
2905.000,51.58116
2906.000,51.58116
2907.000,51.58116
2908.000,51.58116
2909.000,51.58116
2910.000,51.58116
2911.000,51.58116
2912.000,51.58116
2913.000,51.58116
2914.000,51.58116
2915.000,51.58116
2916.000,51.58116
2917.000,51.58116
2918.000,51.58116
2919.000,51.58116
2920.000,51.58116
2921.000,51.58116
2922.000,51.58116
2923.000,51.58116
2924.000,51.58116
2925.000,51.58116
2926.000,51.58116
2927.000,51.58116
2928.000,50.66914
2929.000,49.54012
2930.000,48.42023
2931.000,47.30939
2932.000,46.20752
2933.000,45.11456
2934.000,44.03043
2935.000,42.95506
2936.000,41.88838
2937.000,40.83032
2938.000,39.78081
2939.000,38.73979
2940.000,37.70717
2941.000,36.68290
2942.000,35.66690
2943.000,34.65912
2944.000,33.65948
2945.000,32.66791
2946.000,31.68436
2947.000,30.70876
2948.000,29.74104
2949.000,28.78114
2950.000,27.82900
2951.000,26.88455
2952.000,25.94774
2953.000,25.01849
2954.000,24.09675
2955.000,23.18246
2956.000,22.27556
2957.000,21.37599
2958.000,20.48369
2959.000,19.59860
2960.000,18.72066
2961.000,17.84981
2962.000,16.98600
2963.000,16.12918
2964.000,15.27927
2965.000,14.43623
2966.000,13.60001
2967.000,12.77054
2968.000,11.94778
2969.000,11.13167
2970.000,10.32215
2971.000,9.51917
2972.000,8.72268
2973.000,7.93262
2974.000,7.14895
2975.000,6.37162
2976.000,5.60056
2977.000,4.83574
2978.000,4.07709
2979.000,3.32458
2980.000,2.57815
2981.000,1.83775
2982.000,1.10333
2983.000,0.37484
2984.000,-0.34775
2985.000,-1.06451
2986.000,-1.77547
2987.000,-2.48069
2988.000,-3.18022
2989.000,-3.87408
2990.000,-4.56235
2991.000,-5.24505
2992.000,-5.92223
2993.000,-6.59394
2994.000,-7.26022
2995.000,-7.92112
2996.000,-8.57668
2997.000,-9.22694
2998.000,-9.87195
2999.000,-10.51174
